Brand,Store Name,Latitude,Longitude,Address,Region
7-Eleven Malaysia,7 Eleven (2134) Viva City,1.5270093999999999,110.3710898,"93350 Kuching, Sarawak, Malaysia",Kuching
7-Eleven Malaysia,7 eleven UUS telipok,6.091514399999999,116.183404,"7 eleven malaysia sdn bhd No. Sg-6, lot 6, ground floor, University utama square phase 7b, lrg, 3a, Lorong Dataran Utama, 81000 Telipok, Sabah, Malaysia",Kota Kinabalu
7-Eleven Malaysia,7 eleven regional office sabah,5.979242,116.0709841,"3rd floor, Pusat Bandar Kota Kinabalu, 88000 Kota Kinabalu, Sabah, Malaysia",Kota Kinabalu
7-Eleven Malaysia,7-Eleven,3.1427266,101.69655859999999,"Ground Floor, 210, Jalan Tun H S Lee, City Centre, 50000 Kuala Lumpur, Wilayah Persekutuan Kuala Lumpur, Malaysia",Kuala Lumpur
7-Eleven Malaysia,7-Eleven,3.1432271999999997,101.7095442,"Level 3A, Podium Block, Plaza Berjaya, 12, Jln Imbi, Bukit Bintang, 55100 Kuala Lumpur, Wilayah Persekutuan Kuala Lumpur, Malaysia",Kuala Lumpur
7-Eleven Malaysia,7-Eleven,3.134525,101.6861466,"3, Jalan Travers, Kuala Lumpur Sentral, 50470 Kuala Lumpur, Wilayah Persekutuan Kuala Lumpur, Malaysia",Kuala Lumpur
7-Eleven Malaysia,7-Eleven,3.1462695,101.7005253,"10, Jln Pudu, City Centre, 55100 Kuala Lumpur, Wilayah Persekutuan Kuala Lumpur, Malaysia",Kuala Lumpur
7-Eleven Malaysia,7-Eleven,3.151521,101.69802039999999,"180-182, Jln Ampang, Kuala Lumpur, 50450 Kuala Lumpur, Wilayah Persekutuan Kuala Lumpur, Malaysia",Kuala Lumpur
7-Eleven Malaysia,7-Eleven,3.1515505,101.6957451,"21, Jalan Tuanku Abdul Rahman, City Centre, 50100 Kuala Lumpur, Wilayah Persekutuan Kuala Lumpur, Malaysia",Kuala Lumpur
7-Eleven Malaysia,7-Eleven,3.1457089,101.7101546,"82-84, Jln Bukit Bintang, Bukit Bintang, 55100 Kuala Lumpur, Wilayah Persekutuan Kuala Lumpur, Malaysia",Kuala Lumpur
7-Eleven Malaysia,7-Eleven,3.1474735,101.7119496,"144, Jln Bukit Bintang, Bukit Bintang, 55100 Kuala Lumpur, Wilayah Persekutuan Kuala Lumpur, Malaysia",Kuala Lumpur
7-Eleven Malaysia,7-Eleven,3.1475709999999997,101.7107849,"49, Jln Sultan Ismail, Bukit Bintang, 50200 Kuala Lumpur, Wilayah Persekutuan Kuala Lumpur, Malaysia",Kuala Lumpur
7-Eleven Malaysia,7-Eleven,3.1198023999999998,101.6780912,"B-2-5, Northpoint Office Mid Valley City.1, Kuala Lumpur Wilayah Persekutuan, Medan Syed Putra Utara, Mid Valley City, 59200 Kuala Lumpur, Federal Territory of Kuala Lumpur, Malaysia",Kuala Lumpur
7-Eleven Malaysia,7-Eleven,3.1366028999999997,101.7026271,"145, Jln Maharajalela, Kampung Attap, 50460 Kuala Lumpur, Wilayah Persekutuan Kuala Lumpur, Malaysia",Kuala Lumpur
7-Eleven Malaysia,7-Eleven,3.153909,101.70849299999999,"8, Jalan Perak, Kuala Lumpur, 50450 Kuala Lumpur, Wilayah Persekutuan Kuala Lumpur, Malaysia",Kuala Lumpur
7-Eleven Malaysia,7-Eleven,3.1420694,101.71162939999999,"05-103, Berjaya Times Square, Jln Imbi, Imbi, 55100 Kuala Lumpur, Wilayah Persekutuan Kuala Lumpur, Malaysia",Kuala Lumpur
7-Eleven Malaysia,7-Eleven,3.1454342000000004,101.70973269999999,"77, Jln Bukit Bintang, Bukit Bintang, 55100 Kuala Lumpur, Wilayah Persekutuan Kuala Lumpur, Malaysia",Kuala Lumpur
7-Eleven Malaysia,7-Eleven,3.1444969,101.70601839999999,"120, Jln Pudu, Bukit Bintang, 55100 Kuala Lumpur, Wilayah Persekutuan Kuala Lumpur, Malaysia",Kuala Lumpur
7-Eleven Malaysia,7-Eleven,3.0755695999999997,101.5294909,"16, Jalan Wau C 11/C, Seksyen 11, 40100 Shah Alam, Selangor, Malaysia",Selangor
7-Eleven Malaysia,7-Eleven,3.08545,101.52265,"19, Jl. Tengku Ampuan Zabedah E 9/E, Seksyen 9, 40100 Shah Alam, Selangor, Malaysia",Selangor
7-Eleven Malaysia,7-Eleven,3.0638292999999996,101.5273491,"No 62-G, Block 3, Ájalan Pahat G15/G, Seksyen 15, á40200 Shah Alam, Áselangor, Seksyen 15, 40200 Shah Alam, Selangor, Malaysia",Selangor
7-Eleven Malaysia,7-Eleven,3.0671318,101.48993399999999,"No. 29, Blok Q, UG/27, Jalan Plumbum U 7/U, Seksyen 7, 40000 Shah Alam, Selangor, Malaysia",Selangor
7-Eleven Malaysia,7-Eleven,3.0765401,101.49709229999999,"26, Jalan Zirkon E7/E, Seksyen 7, 40000 Shah Alam, Selangor, Malaysia",Selangor
7-Eleven Malaysia,7-Eleven,3.04553,101.5262168,"27, Jalan Pelabur B 23/B, Seksyen 23, 40300 Shah Alam, Selangor, Malaysia",Selangor
7-Eleven Malaysia,7-Eleven,5.412761499999999,100.33110839999999,"89 & 91, Jalan Magazine, 10300 George Town, Pulau Pinang, Malaysia",Penang
7-Eleven Malaysia,7-Eleven,5.418506,100.3362142,"320, Lbh Chulia, George Town, 10450 George Town, Pulau Pinang, Malaysia",Penang
7-Eleven Malaysia,7-Eleven,5.4203605,100.33268319999999,"88, Jln Penang, George Town, 10000 George Town, Pulau Pinang, Malaysia",Penang
7-Eleven Malaysia,7-Eleven,5.413723699999999,100.3313471,"111, Lebuh Tek Soon, George Town, 10100 George Town, Pulau Pinang, Malaysia",Penang
7-Eleven Malaysia,7-Eleven,5.423446900000001,100.321275,"221-F, Jalan Burma, George Town, 10050 George Town, Pulau Pinang, Malaysia",Penang
7-Eleven Malaysia,7-Eleven,5.420229,100.341453,"19&21, Lebuh Light, George Town, 10200 George Town, Pulau Pinang, Malaysia",Penang
7-Eleven Malaysia,7-Eleven,5.4191055,100.3177201,"181, Jln Macalister, George Town, 11400 George Town, Pulau Pinang, Malaysia",Penang
7-Eleven Malaysia,7-Eleven,5.412928,100.3152509,"Jalan Dato Keramat, 10150 George Town, Pulau Pinang, Malaysia",Penang
7-Eleven Malaysia,7-Eleven,5.4145826,100.3112597,"21, Jln. Utama, 10450 George Town, Pulau Pinang, Malaysia",Penang
7-Eleven Malaysia,7-Eleven,5.4339496,100.31517,"90, Persiaran Gurney, 10250 George Town, Pulau Pinang, Malaysia",Penang
7-Eleven Malaysia,7-Eleven,5.403319,100.30874039999999,"73, Jln Trengganu, Taman Free School, 10460 George Town, Pulau Pinang, Malaysia",Penang
7-Eleven Malaysia,7-Eleven,5.39743,100.3146039,"350C-G-3A, Jln Perak, Taman Desa Green, 11600 Jelutong, Pulau Pinang, Malaysia",Penang
7-Eleven Malaysia,7-Eleven,5.350553,100.46996,"2934, Jln Kulim, Taman Berjaya Indah, 14000 Bukit Mertajam, Pulau Pinang, Malaysia",Penang
7-Eleven Malaysia,7-Eleven,5.3975738,100.2880536,"288D-1-12, Fourtune Court, Jln Thean Tek, Kampung Melayu, 11500 Ayer Itam, Pulau Pinang, Malaysia",Penang
7-Eleven Malaysia,7-Eleven,5.387648899999999,100.3125431,"Taman Jelutong, 11600 Jelutong, Penang, Malaysia",Penang
7-Eleven Malaysia,7-Eleven,5.4325978,100.302345,"7 B, Jalan Gottlieb, 10350 George Town, Pulau Pinang, Malaysia",Penang
7-Eleven Malaysia,7-Eleven,1.4970766,103.7421634,"315, Dataran Larkin 2, Larkin Jaya, 80350 Johor Bahru, Johor, Malaysia",Johor Bahru
7-Eleven Malaysia,7-Eleven,1.4968641,103.7399499,"Lot B, 01, Jalan Garuda, Larkin Jaya, 80350 Johor Bahru, Johor, Malaysia",Johor Bahru
7-Eleven Malaysia,7-Eleven,1.5008939,103.7486951,"34, Jalan Persiaran Susur Larkin Perdana 2, Taman Larkin Perdana, 80350 Johor Bahru, Johor Darul Ta'zim, Malaysia",Johor Bahru
7-Eleven Malaysia,7-Eleven,1.4874159,103.7548446,"42, Pusat Perdagangan Kebun Teh, 1, Jalan Kebun Teh, Larkin, 80250 Johor Bahru, Johor Darul Ta'zim, Malaysia",Johor Bahru
7-Eleven Malaysia,7-Eleven,1.4634029,103.7645323,"Bukit Chagar, 80300 Johor Bahru, Johor Darul Ta'zim, Malaysia",Johor Bahru
7-Eleven Malaysia,7-Eleven,1.4715840999999998,103.7365118,"36, Jalan Kolam Ayer, Taman Kolam Air, 80100 Johor Bahru, Johor Darul Ta'zim, Malaysia",Johor Bahru
7-Eleven Malaysia,7-Eleven,1.4861233,103.76916560000001,"65, Jalan Badik 1, Taman Sri Tebrau, 80050 Johor Bahru, Johor Darul Ta'zim, Malaysia",Johor Bahru
7-Eleven Malaysia,7-Eleven,1.4584263,103.76461429999999,"Ground Floor, Bangunan, Tokio Marine Life Insurance Malaysia, No. 33B, Jalan Segget, Bandar Johor Bahru, 80000 Johor Bahru, Johor, Malaysia",Johor Bahru
7-Eleven Malaysia,7-Eleven,1.4838909,103.7671093,"06, Jalan Serampang, Taman Tebrau Jaya, 80400 Johor Bahru, Johor Darul Ta'zim, Malaysia",Johor Bahru
7-Eleven Malaysia,7-Eleven,1.4936844,103.76615009999999,"63, Jln Meranti Merah, Taman Melodies, 80250 Johor Bahru, Johor Darul Ta'zim, Malaysia",Johor Bahru
7-Eleven Malaysia,7-Eleven,1.4989960999999998,103.7102695,"No.16, Jalan Padi Emas 4/1, Bandar Baru Uda, 81200 Johor Bahru, Johor Darul Ta'zim, Malaysia",Johor Bahru
7-Eleven Malaysia,7-Eleven,1.4895676,103.71248779999999,"36, Jalan Padi 1, Bandar Baru Uda, 81200 Johor Bahru, Johor Darul Ta'zim, Malaysia",Johor Bahru
7-Eleven Malaysia,7-Eleven,1.4837618,103.7191331,"Lbh Skudai, Danga Bay, 80200 Johor Bahru, Johor Darul Ta'zim, Malaysia",Johor Bahru
7-Eleven Malaysia,7-Eleven,1.4787449,103.7746293,"161, Jalan Sri Pelangi, Taman Pelangi, 80400 Johor Bahru, Johor Darul Ta'zim, Malaysia",Johor Bahru
7-Eleven Malaysia,7-Eleven,1.4809586,103.6839313,"Perling Square, No. 37, Jln Undan 15, Taman Perling, 81200 Johor Bahru, Johor Darul Ta'zim, Malaysia",Johor Bahru
7-Eleven Malaysia,7-Eleven,1.469798,103.78120279999999,"Jalan Ibrahim Sultan, Taman Stulang Laut, 80300 Johor Bahru, Johor Darul Ta'zim, Malaysia",Johor Bahru
7-Eleven Malaysia,7-Eleven,4.5973256,101.08708980000002,"55, Jalan Sultan Abdul Jalil, Kampung Jawa, 30300 Ipoh, Perak, Malaysia",Ipoh
7-Eleven Malaysia,7-Eleven,4.5979358,101.0834359,"56, Jalan Datuk Onn Jaafar, Kampung Jawa, 31350 Ipoh, Perak, Malaysia",Ipoh
7-Eleven Malaysia,7-Eleven,4.6025331,101.07925329999999,"Jalan Lim Bo Seng No 1-1-S (GF), Kinta Riverfront Hotel & Suites, Taman Istana, 30000 Ipoh, Perak, Malaysia",Ipoh
7-Eleven Malaysia,7-Eleven,4.5913274,101.0826379,"20, Jalan C.M. Yusuff, Taman Jubilee, 31650 Ipoh, Perak, Malaysia",Ipoh
7-Eleven Malaysia,7-Eleven,4.5721175999999994,101.1145076,"697A & 698A, Main Road, Kampung Gunung Rapat, 31350 Ipoh, Perak, Malaysia",Ipoh
7-Eleven Malaysia,7-Eleven,4.6187695,101.118334,"29, Jalan Medan Ipoh 1B/1, Bandar Baru Medan Ipoh, 31400 Ipoh, Perak, Malaysia",Ipoh
7-Eleven Malaysia,7-Eleven,4.6186679999999996,101.10883919999999,"219, Lebuh Raya 3, Kampung Simee, 31400 Ipoh, Perak, Malaysia",Ipoh
7-Eleven Malaysia,7-Eleven,4.5789799,101.12758129999999,"35, Jalan Sri Ampang, Taman Sri Ampang, 31350 Ipoh, Perak, Malaysia",Ipoh
7-Eleven Malaysia,7-Eleven,4.6326887,101.08662539999999,"6, Jln. Kuala Kangsar, Taman Foo Onn, 30010 Ipoh, Perak, Malaysia",Ipoh
7-Eleven Malaysia,7-Eleven,4.62026,101.11670090000001,"59, Jalan Medan Ipoh 1A, Medan Ipoh Bestari, 31400 Ipoh, Perak, Malaysia",Ipoh
7-Eleven Malaysia,7-Eleven,4.613605199999999,101.0696706,"Jalan Raja, Kampung Tengku Husin Lama, 30020 Ipoh, Perak, Malaysia",Ipoh
7-Eleven Malaysia,7-Eleven,4.610313,101.13970619999999,"No. 52 (Gf), Jalan Besar Tambun, 31400, Ipoh, Perak, Kampung Lata, 31400 Tambun, Perak, Malaysia",Ipoh
7-Eleven Malaysia,7-Eleven,4.608177200000001,101.06208939999999,"269, Jalan Silibin, Taman Alkaff, 30100 Ipoh, Perak, Malaysia",Ipoh
7-Eleven Malaysia,7-Eleven,4.5483769,101.09836849999999,"33, Lapangan Perdana 11, Panorama Lapangan Perdana, 31350 Ipoh, Perak, Malaysia",Ipoh
7-Eleven Malaysia,7-Eleven,4.537204399999999,101.1051232,"26, Jalan Palma A/1, Bandar Seri Botani, 31350 Ipoh, Perak, Malaysia",Ipoh
7-Eleven Malaysia,7-Eleven,2.1953009999999997,102.2435089,"66, Jalan Laksamana 4, Taman Kota Laksamana, 75200 Melaka, Malaysia",Melaka
7-Eleven Malaysia,7-Eleven,2.1884319,102.2523767,"63(GF) Terminal Pahlawan Bdr Hilir, Jln Merdeka, Taman Costa Mahkota, 75000 Melaka, Malaysia",Melaka
7-Eleven Malaysia,7-Eleven,2.1904699,102.24912119999999,"BX-017, Dataran Pahlawan Melaka, Jln Merdeka, Banda Hilir, 75000 Malacca, Malaysia",Melaka
7-Eleven Malaysia,7-Eleven,2.1984108,102.25205849999999,"69(GF, Jalan Bendahara, Kampung Jawa, 75100 Melaka, Malaysia",Melaka
7-Eleven Malaysia,7-Eleven,2.1835484,102.2603389,"15, Jalan Melaka Raya 8, Taman Melaka Raya, 75000 Melaka, Malaysia",Melaka
7-Eleven Malaysia,7-Eleven,2.1995095,102.2512819,"131(GF), Jalan Bunga Raya Pantai, Kampung Jawa, 75100 Melaka, Malaysia",Melaka
7-Eleven Malaysia,7-Eleven,2.2016217,102.2476722,"No. 4C (GF, 75300, Jalan Hang Tuah, 75300 Melaka, Malaysia",Melaka
7-Eleven Malaysia,7-Eleven,2.1959332,102.2380903,"61(GF) Jln KL3/8 Seksyen 3, Taman Kota Laksamana, 75200 Melaka, Malaysia",Melaka
7-Eleven Malaysia,7-Eleven,2.2120451,102.2338575,"202(GF) Jln Kenanga Seksyen 2 75200, Jalan Kenanga 1/25, Taman Kenanga, Melaka, Malaysia",Melaka
7-Eleven Malaysia,7-Eleven,2.2262847,102.2644117,"20, Jalan Permai, Taman Perkota, 75150 Melaka, Malaysia",Melaka
7-Eleven Malaysia,7-Eleven,2.1930831,102.2649623,"10, Jalan Semabok, Taman Semabok, 75050 Melaka, Malaysia",Melaka
7-Eleven Malaysia,7-Eleven,2.2075359999999997,102.24295610000001,"547, Jalan Gajah Berang, 75300 Palaza, Melaka, Malaysia",Melaka
7-Eleven Malaysia,7-Eleven,2.2189560999999998,102.2486088,"12, Jalan Cempaka 1, Taman Seri Cempaka, 75400 Melaka, Malaysia",Melaka
7-Eleven Malaysia,7-Eleven,2.1821346,102.26242289999999,"Jalan Melaka Raya 23, Taman Melaka Raya, Melaka, Malaysia",Melaka
7-Eleven Malaysia,7-Eleven,5.9844235,116.076177,"Jalan Pantai, Pusat Bandar Kota Kinabalu, 88000 Kota Kinabalu, Sabah, Malaysia",Kota Kinabalu
7-Eleven Malaysia,7-Eleven,5.9801556,116.07330419999998,"Lot 16, Ground Floor, Jalan Pantai, 88000, Kota Kinabalu, Sabah, Sinsuran Kompleks, 88000 Kota Kinabalu, Sabah, Malaysia",Kota Kinabalu
7-Eleven Malaysia,7-Eleven,5.9779215,116.0737418,"Kampung Air, 88000 Kota Kinabalu, Sabah, Malaysia",Kota Kinabalu
7-Eleven Malaysia,7-Eleven,5.9771629,116.07584759999999,"Ground Floor, 56, Jalan Masjid Lama, Bandaran Berjaya, 88000 Kota Kinabalu, Sabah, Malaysia",Kota Kinabalu
7-Eleven Malaysia,7-Eleven,5.9758749,116.070075,"Sinsuren blog 3, F8 1st floor block 3, 7eleven, Api-api Centre, 88000 Kota Kinabalu, Sabah, Malaysia",Kota Kinabalu
7-Eleven Malaysia,7-Eleven,5.9709216,116.06506949999999,"7 Eleven 964 Imago, Unit No G-89 Ground Floor, Imago Shopping Mall, KK Times Square Phase 2, Off Coastal Highway, 88100 Kota Kinabalu, Sabah, Malaysia",Kota Kinabalu
7-Eleven Malaysia,7-Eleven,5.9894913,116.07964699999998,"5, 128, Jalan Gaya, Pusat Bandar Kota Kinabalu, 88000 Kota Kinabalu, Sabah, Malaysia",Kota Kinabalu
7-Eleven Malaysia,7-Eleven,5.9689745,116.0639801,"Block F, Lot 32, Ground Floor, KK TimesSquare, 88000 Kota Kinabalu, Sabah, Malaysia",Kota Kinabalu
7-Eleven Malaysia,7-Eleven,5.9663153,116.06428659999999,"Lot 8-1, Block D, Harbour City, 88100 Kota Kinabalu, Sabah, Malaysia",Kota Kinabalu
7-Eleven Malaysia,7-Eleven,5.958035,116.0876869,"Taman Foh Sang, 88300 Kota Kinabalu, Sabah, Malaysia",Kota Kinabalu
7-Eleven Malaysia,7-Eleven,5.951328999999999,116.05333019999999,"No. A-G-5, Ground Floor, Block A, Plaza Tanjung Aru, Pekan Tanjung Aru, 88100 Kota Kinabalu, Sabah, Malaysia",Kota Kinabalu
7-Eleven Malaysia,7-Eleven,5.98015,116.12014599999999,"5, Jln Kolombong, Kolombong/Bdc Industrial Estate, 88450 Kota Kinabalu, Sabah, Malaysia",Kota Kinabalu
7-Eleven Malaysia,7-Eleven,6.0348839,116.1293773,"G-803/804, 1Borneo Hypermall, Jalan Sulaman, 88400 Kota Kinabalu, Sabah, Malaysia",Kota Kinabalu
7-Eleven Malaysia,7-Eleven,5.9286818,116.0943441,"D-31-G Block D, Pavilion Bundusan Jalan Bundusan Penampang, 88300 Kota Kinabalu, Sabah, Malaysia",Kota Kinabalu
7-Eleven Malaysia,7-Eleven,6.015456899999999,116.12316519999999,"7, Jln Kingfisher, Plaza Kingfisher, 88400 Kota Kinabalu, Sabah, Malaysia",Kota Kinabalu
7-Eleven Malaysia,7-Eleven (0344) Batu 3 McDonald's,1.524689,110.3371552,"Jalan Tun Ahmad Zaidi Adruce, Central Park Commercial Centre, 93200 Kuching, Sarawak, Malaysia",Kuching
7-Eleven Malaysia,7-Eleven (0515) Satok,1.5528776,110.3357554,"290, Jalan Satok, 93400 Kuching, Sarawak, Malaysia",Kuching
7-Eleven Malaysia,7-Eleven (0582) Jalan Song,1.5174398999999998,110.366275,"No. 44, Ground Floor, Tabuan Heights Commercial Centre, Jalan Song, Tabuan Heights Commercial Centre, 93350 Kuching, Sarawak, Malaysia",Kuching
7-Eleven Malaysia,7-Eleven (0654) Stutong /Toto,1.518768,110.3793869,"No. 24, Stutong Commercial Centre, Jalan Setia Raja, Medan Setia Raja Commercial Centre, 93350 Kuching, Sarawak, Malaysia",Kuching
7-Eleven Malaysia,7-Eleven (1542) Exim Bank,1.5271074999999998,110.357429,"801-2B Jalan Tun Jugah, Kampung Tabuan Dayak, 93350 Kuching, Sarawak, Malaysia",Kuching
7-Eleven Malaysia,7-Eleven (1807) Jalan Satok,1.5535428999999998,110.33207399999999,"Lot 312, Al-Idrus Commercial Centre, Jalan Satok, Al Idrus Commercial Centre, 93400 Kuching, Sarawak, Malaysia",Kuching
7-Eleven Malaysia,7-Eleven (1921) Jalan Simpang Tiga,1.5343208,110.3569965,"No. 10784, Section 64, Jalan Simpang Tiga, Kampung Kenyalang Park, 93100 Kuching, Sarawak, Malaysia",Kuching
7-Eleven Malaysia,7-Eleven (2092) Jalan Haji Taha,1.5544,110.33848499999999,"Ground Floor, 113, Jln Haji Taha, 93400 Kuching, Sarawak, Malaysia",Kuching
7-Eleven Malaysia,7-Eleven (M) Sdn Bhd #2099,1.5532339,110.354266,"117, Jalan Ban Hock, 93100 Kuching, Sarawak, Malaysia",Kuching
7-Eleven Malaysia,"7-Eleven 1311 Jalan Utas B 15/B, Seksyen 15, Shah Alam",3.0644001999999997,101.53921860000001,"41, Jalan Utas D 15/B, Seksyen 15, 40200 Shah Alam, Selangor, Malaysia",Selangor
7-Eleven Malaysia,7-Eleven 1960 Wisma Horizon,1.5548640999999999,110.36282630000001,"131, Jalan Petanak, 93100 Kuching, Sarawak, Malaysia",Kuching
7-Eleven Malaysia,7-Eleven 773 Tmn Sri Sarawak,1.5565258,110.35069709999999,"Taman Sri Sarawak, Jalan Borneo, Kuching, Sarawak, 93100 Kuching, Sarawak, Malaysia",Kuching
7-Eleven Malaysia,7-Eleven @ Carpenter Street,1.5584753,110.34547500000001,"GF, 8, Carpenter St, Main Bazaar, 93000 Kuching, Sarawak, Malaysia",Kuching
7-Eleven Malaysia,7-Eleven @ Dubs Commercial Centre,1.5540211,110.3604383,"L1-02, Dubs Commercial Centre, Lot 376, Jalan Petanak, Dubs Commercial Centre, 93100 Kuching, Sarawak, Malaysia",Kuching
7-Eleven Malaysia,7-Eleven @ Fata,1.5551617,110.34723419999999,"No 5-6, Fata Hotel, Jln McDougall, Taman Budaya, 93000 Kuching, Sarawak, Malaysia",Kuching
7-Eleven Malaysia,7-Eleven @ Jalan Datuk Wee Kheng Chiang,1.5525749,110.36629289999999,"GF, Lot 565, Jalan Datuk Wee Kheng Chiang, 93450 Kuching, Sarawak, Malaysia",Kuching
7-Eleven Malaysia,7-Eleven @ Jalan Pandungan,1.5564584,110.35433069999999,"174-178, Jln Padungan, 93100 Kuching, Sarawak, Malaysia",Kuching
7-Eleven Malaysia,7-Eleven @ Jalan Sekama,1.5480592,110.3669152,"SL 18, Ground Floor, Lot 317, Jln Sekama, Sekama, 93300 Kuching, Sarawak, Malaysia",Kuching
7-Eleven Malaysia,7-Eleven @ Temple Street,1.5565778,110.3484888,"8, Temple St, 93100 Kuching, Sarawak, Malaysia",Kuching
7-Eleven Malaysia,7-Eleven Beverly Hills,5.9391482,116.1018309,"Jalan Bundusan, 89500 Kota Kinabalu, Sabah, Malaysia",Kota Kinabalu
7-Eleven Malaysia,7-Eleven Malaysia,3.0477182999999997,101.58358589999999,"50, Jalan USJ 10/1e, Taipan Business Centre, 47620 Subang Jaya, Selangor, Malaysia",Selangor
7-Eleven Malaysia,"7-Eleven Malaysia : Store 1474-Jalan Boling Padang, Shah Alam, Sel",3.0764362999999997,101.5514113,"No. 6, Jalan Boling Padang F 13/F, Seksyen 13, 40100 Shah Alam, Selangor, Malaysia",Selangor
7-Eleven Malaysia,7-Eleven Malaysia Sdn Bhd HQ,3.1426418999999997,101.7105577,"Imbi, 55100 Kuala Lumpur, Wilayah Persekutuan Kuala Lumpur, Malaysia",Kuala Lumpur
7-Eleven Malaysia,7-Eleven Malaysia: Store 529,2.221046,102.2500822,"4, Jalan Tun Razak, Plaza Melaka Sentral, 75400 Melaka, Malaysia",Melaka
7-Eleven Malaysia,7-Eleven Malaysia: Store 852 Batu Maung,5.2882738,100.2815739,"No 117 (GF) Medan Kikik, Taman Indrawasih, 13600 Perai, Pulau Pinang, 13600 Batu Maung, Penang, Malaysia",Penang
7-Eleven Malaysia,7-Eleven Riverson,5.9687103,116.0644536,"B-G-16 & B-G-32, Groundfloor, The Walk @ Riverson, Jalan Sembulan, 88000 Kota Kinabalu, Malaysia",Kota Kinabalu
7-Eleven Malaysia,7-Eleven Store #0441 | Jalan Laxamana,4.5970379,101.0814769,"per, no 59 (GF & 1f, Jalan Laxamana, 30300 Ipoh, Perak, Malaysia",Ipoh
7-Eleven Malaysia,7-Eleven Subang Hi-Tech #store1091,3.0672677,101.561267,"17, Jalan Nilam 1/2, Subang Hi-tech Industrial Park, 40150 Shah Alam, Selangor, Malaysia",Selangor
7-Eleven Malaysia,7-Eleven Taman Boon Bak,4.561738,101.0770957,"82, Jalan Pasir Puteh, Taman Boon Bak, 31650 Ipoh, Perak, Malaysia",Ipoh
7-Eleven Malaysia,7-Eleven UOW Malaysia KDU University College,3.0924486000000004,101.5598246,"UOW Malaysia KDU University College, Jalan Kontraktor U1/14, 40150 Shah Alam, Selangor, Malaysia",Selangor
7-Eleven Malaysia,7-Eleven • Central Market • Store #1839,3.1463864,101.695813,"Central Market, 14-2, Jalan Hang Kasturi, City Centre, 50050 Kuala Lumpur, Wilayah Persekutuan Kuala Lumpur, Malaysia",Kuala Lumpur
7-Eleven Malaysia,7-Eleven • Greentown Ipoh • Store #1414,4.5991731,101.09547330000001,"11, Persiaran Greentown 7, Greentown Business Centre, 30450 Ipoh, Perak, Malaysia",Ipoh
7-Eleven Malaysia,7-Eleven • Jalan Canning Estate • Store #133,4.6104214,101.10977109999999,"85, Jln Canning Estate, Taman Canning, 31400 Ipoh, Perak, Malaysia",Ipoh
7-Eleven Malaysia,"7-Eleven, Jln Tunku Abd Rahman 387",1.5584502999999998,110.3517001,"Riverbank Suites, 7, Jalan Tunku Abdul Rahman, 93100 Kuching, Sarawak, Malaysia",Kuching
7-Eleven Malaysia,7-eleven,2.189594,102.25008679999999,"Taman Costa Mahkota, 75000 Malacca, Malaysia",Melaka
7-Eleven Malaysia,CAFé by 7-Eleven Bandar Baru Uda (#126),1.4995132,103.71767489999999,"43, Jalan Padi Ria, Bandar Baru Uda, 81200 Johor Bahru, Johor Darul Ta'zim, Malaysia",Johor Bahru
7-Eleven Malaysia,CAFé by 7-Eleven Bangunan Merah Melaka (#2770),2.1949486,102.24964969999999,"16A, Jalan Laksamana, Banda Hilir, 75000 Melaka, Malaysia",Melaka
7-Eleven Malaysia,CAFé by 7-Eleven Centralwalk Shah Alam Selangor (#2542),3.0653071,101.48100459999999,"Unit No B-UG-07A, I-Soho (Centralwalk) @ I-City, Jalan Multimedia, Seksyen 7, 40000 Shah Alam, Selangor, Malaysia",Selangor
7-Eleven Malaysia,CAFé by 7-Eleven Century Johor Bahru (#207),1.4867107,103.7600692,"No. 175 (GF, Jalan Harimau, Taman Century, 80250 Johor Bahru, Johor Darul Ta'zim, Malaysia",Johor Bahru
7-Eleven Malaysia,CAFé by 7-Eleven Chowrasta (#471),5.419258999999999,100.3321289,"215, Jln Penang, George Town, 10450 George Town, Pulau Pinang, Malaysia",Penang
7-Eleven Malaysia,CAFé by 7-Eleven Farlim (#166),5.388993500000001,100.28435999999999,"No 5A, Jln Angsana, Bandar Baru Ayer Hitam, 11400 George Town, Pulau Pinang, Malaysia",Penang
7-Eleven Malaysia,CAFé by 7-Eleven Greentown Perak (#1077),4.5986701,101.09245779999999,"Ground Floor, Greentown Business Centre, 7, Persiaran Greentown, Pusat Perdagangan Greentown, 30450 Ipoh, Perak, Malaysia",Ipoh
7-Eleven Malaysia,CAFé by 7-Eleven Jalan Bulan Lowyat (#1165),3.1446368,101.7097031,"No. 52, Jalan Bulan, Bukit Bintang, 55100 Kuala Lumpur, Wilayah Persekutuan Kuala Lumpur, Malaysia",Kuala Lumpur
7-Eleven Malaysia,CAFé by 7-Eleven Jalan Hang Jebat Melaka (#1987),2.1975287999999997,102.2454813,"No 119 (GF & 1st Floor, 117, Jalan Hang Jebat, 75200 Melaka, Malaysia",Melaka
7-Eleven Malaysia,CAFé by 7-Eleven Jalan Serai Wangi Selangor (#3194),3.0580073999999997,101.4898401,"Jln Serai Wangi N 16/N, Seksyen 16, 41300 Shah Alam, Selangor, Malaysia",Selangor
7-Eleven Malaysia,CAFé by 7-Eleven Jalan Suria Taman Putra (#2006),1.5049595,103.76029199999999,"48 (GF, Jalan Suria 19, Taman Suria, 81100 Johor Bahru, Johor Darul Ta'zim, Malaysia",Johor Bahru
7-Eleven Malaysia,CAFé by 7-Eleven Jalan Tun Sambanthan (#472),3.1326557999999998,101.68771210000001,"114, Jalan Tun Sambanthan, Brickfields, 50470 Kuala Lumpur, Wilayah Persekutuan Kuala Lumpur, Malaysia",Kuala Lumpur
7-Eleven Malaysia,CAFé by 7-Eleven Macalister (#356),5.416116,100.324657,"No 144 (Annexe, 144, Jln Macalister, 10400 George Town, Pulau Pinang, Malaysia",Penang
7-Eleven Malaysia,CAFé by 7-Eleven Melaka Mall Melaka (#206),2.2135255,102.2399759,"1a-1, Jalan Kesidang 3/11, Melacca Mall, 75200 Melaka, Malaysia",Melaka
7-Eleven Malaysia,CAFé by 7-Eleven Seksyen 19 Shah Alam (#160),3.0487161,101.5341625,"41, Jalan Nelayan 19/A, Seksyen 19, 40300 Shah Alam, Selangor, Malaysia",Selangor
7-Eleven Malaysia,CAFé by 7-Eleven Seksyen 7 Shah Alam (#1001),3.0747416,101.48634349999999,"No. 10 (GF, Jalan Kristal J7/J, Seksyen 7, 40000 Shah Alam, Selangor, Malaysia",Selangor
7-Eleven Malaysia,CAFé by 7-Eleven Taman Larkin Idaman (#1876),1.4947764,103.75349109999999,"No 36 (GF, Jln Idaman 2, Taman Larkin Idaman, 80350 Johor Bahru, Johor Darul Ta'zim, Malaysia",Johor Bahru
7-Eleven Malaysia,CAFé by 7-Eleven The Shore Bunga Raya Melaka (#1686),2.2011193,102.250919,"189-G-08, Jalan Persisiran Bunga Raya, Kampung Bunga Paya Pantai, 75100 Melaka, Malaysia",Melaka
7-Eleven Malaysia,CAFé by 7-Eleven Vista Alam Sel (#2840),3.0715306,101.52455690000001,"B-LG-16, Vista Alam. 3, Jalan Ikhtisas, 14/1, Presint 4.5, Seksyen 14, 40000 Shah Alam, Selangor, Malaysia",Selangor
7-Eleven Malaysia,CAFé by 7-Eleven Wisma Fui Chiu (#2599),3.1455732,101.6975497,"Lock Lot G.03, Ground Floor, Tun Tan Cheng, Wisma Fui Chiu, 32, Jalan Tun Tan Cheng Lock, City Centre, 50050 Kuala Lumpur, Wilayah Persekutuan Kuala Lumpur, Malaysia",Kuala Lumpur
7-Eleven Malaysia,CAFé by 7-Eleven i-City (#1447),3.0646299999999997,101.48324799999999,"A-9-G, Jalan Multimedia 7/AH, CityPark, I-City, 40000 Shah Alam, Selangor, Malaysia",Selangor
7-Eleven Malaysia,Pejabat Grab N Go Vend Enterprise,3.087766,101.54545879999999,"3, Jalan Snuker 13/28, Tadisma Business Park, 40100 Shah Alam, Selangor, Malaysia",Selangor
99 Speedmart Malaysia,99 Speedmart,3.1169176999999997,101.62144909999999,"7, Jalan SS 2/55, SS 2, 47300 Petaling Jaya, Selangor, Malaysia",Kuala Lumpur
99 Speedmart Malaysia,99 Speedmart 10113 Cyber Square,5.917205,116.063545,"No: A-3A & A-5 (G & 1st Floor), Block A, Cyber Square, Jalan Kepayan, 88250 Kota Kinabalu, Sabah, Malaysia",Kota Kinabalu
99 Speedmart Malaysia,99 Speedmart 1040 Taman Rasnah,3.0539304,101.46613099999999,"Town Centre, 129 & 131, Jalan Batu Tiga Lama, Taman Berkeley, 41300 Klang, Selangor, Malaysia",Selangor
99 Speedmart Malaysia,99 Speedmart 10513 Taman Nelly,5.9797177999999995,116.12744099999999,"Lot 217 & 218, Ground Floor, Taman Nelly, 9, Phase 4, Jln Nountun, Inanam, 88450 Kota Kinabalu, Sabah, Malaysia",Kota Kinabalu
99 Speedmart Malaysia,99 Speedmart 1054 Shah Alam Sek 23,3.0474769999999998,101.527344,"No.89 & 91 (Ground Floor, 93 Tingkat, 2, Jalan Pelabur B 23/B, Seksyen 23, 40300 Shah Alam, Selangor, Malaysia",Selangor
99 Speedmart Malaysia,99 Speedmart 1069 Sri Damansara 1,3.1845204,101.6080078,"NO: 20, Jalan Damar SD 15/1, Bandar Sri Damansara, 52200 Kuala Lumpur, Wilayah Persekutuan Kuala Lumpur, Malaysia",Kuching
99 Speedmart Malaysia,99 Speedmart 1071 Bukit Bintang,3.1438327999999998,101.7078969,"NO: 5 & 7, Jln Bukit Bintang, Bukit Bintang, 55100 Kuala Lumpur, Selangor, Malaysia",Kuala Lumpur
99 Speedmart Malaysia,99 Speedmart 1072 Taman Maluri,3.1288069999999997,101.732147,"No.289 & 291, Ground Floor, Jalan Mahkota, Maluri, 55100 Kuala Lumpur, Wilayah Persekutuan Kuala Lumpur, Malaysia",Kuala Lumpur
99 Speedmart Malaysia,99 Speedmart 1080 Shah Alam Sek 7 (1),3.0671082,101.4901879,"No: QG 43 & QG 45, Jalan Plumbum U 7/U, Seksyen 7, 40000 Shah Alam, Selangor, Malaysia",Selangor
99 Speedmart Malaysia,99 Speedmart 10814 D'Sulaman Square,6.044115199999999,116.1472899,"Lot No. 1 (Ground Floor), Wisma D'Sulaman Square, Jalan Sulaman, 88450 Kota Kinabalu, Sabah, Malaysia",Kota Kinabalu
99 Speedmart Malaysia,99 Speedmart 10914 Lintas Plaza,5.9458889,116.0885278,"Lot No: 2-0 & 3-0, Block F, Lrg Lintas Plaza 4 Lintas Plaza, Luyang Commercial Centre, 88300 Kota Kinabalu, Sabah, Malaysia",Kota Kinabalu
99 Speedmart Malaysia,99 Speedmart 1095 Subang Jaya SS15,3.0740502999999997,101.58811190000002,"No: 3 & 5, Jalan SS 15/8a, Ss 15, 47500 Subang Jaya, Selangor, Malaysia",Selangor
99 Speedmart Malaysia,99 Speedmart 11314 (SBH) Inanam Business Centre,5.9939722,116.1293333,"Lot No.60 & 61 (Ground Floor), Block H, Inanam Business Centre, Batu 6, Jalan Tuaran, 88450 Kota Kinabalu, Sabah, Malaysia",Kota Kinabalu
99 Speedmart Malaysia,99 Speedmart 1173 Brickfields,3.1318048999999997,101.6879421,"No:3A-G & 5-G, Shop Lot (Hotel Sentral), No:30 Jalan Thambapillai, Jalan Thambipillay, Brickfields, 50470 Kuala Lumpur, Selangor, Malaysia",Kuala Lumpur
99 Speedmart Malaysia,99 Speedmart 11814 (SBH) Taman Suria,5.922765999999999,116.09847239999999,"Lot 4 & 5 (G), Block SH4, Taman Suria Shop Apartment Phase 2, 88300, Kampung Puluduk, 88300 Donggongon, Sabah, Malaysia",Kota Kinabalu
99 Speedmart Malaysia,99 Speedmart 1245 Desa Sri Hartamas,3.1611653,101.6501899,"No: 9 & 11, Ground Floor, Jalan 26a/70a, Desa Sri Hartamas, 50480 Kuala Lumpur, Wilayah Persekutuan Kuala Lumpur, Malaysia",Kuala Lumpur
99 Speedmart Malaysia,99 Speedmart 1260 Taman Tenaga,3.1141492,101.7251026,"No: 32 (Ground Floor, 36, Jalan Sembilang, Taman Tenaga, 56000 Kuala Lumpur, Wilayah Persekutuan Kuala Lumpur, Malaysia",Kuala Lumpur
99 Speedmart Malaysia,99 Speedmart 12715 (SBH) Kobusak Commercial Centre,5.9245011,116.0777371,"Lot No. 30 & 31, Ground Floor, Block D, Plaza 333 Kobusak Commercial Centre, Jalan Pintas, 88200 Penampang, Sabah, Malaysia",Kota Kinabalu
99 Speedmart Malaysia,99 Speedmart 1278 Pusat Bandar Puchong 1,3.032982,101.613625,"No: 1 (Ground Floor, Jalan Bandar Sembilan, Pusat Bandar Puchong, 47100 Puchong, Selangor, Malaysia",Kuching
99 Speedmart Malaysia,99 Speedmart 1290 Alam Avenue,3.0573042,101.49127089999999,"No: B-3A & B-5 (Ground Floor),Jalan Serai Wangi G 16/G Alam Avenue, Seksyen 16, 40200 Shah Alam, Selangor, Malaysia",Selangor
99 Speedmart Malaysia,99 Speedmart 1308 Jalan Suppiah Pillay,3.1777757,101.6848639,"No: 27 & 29 (GF, Off, Jalan Suppiah Pillay, Jalan Ipoh, 51200 Kuala Lumpur, Wilayah Persekutuan Kuala Lumpur, Malaysia",Kuala Lumpur
99 Speedmart Malaysia,99 Speedmart 1311 Jalan Pangkor,3.1718348000000005,101.69704809999999,"No: 2 & 4, Jalan Pangkor, Off, Jln Tun Razak, Titiwangsa Sentral, 50400 Kuala Lumpur, Selangor, Malaysia",Kuala Lumpur
99 Speedmart Malaysia,99 Speedmart 13216 (SBH) Taman Jumbo,5.914138899999999,116.05058329999999,"Lot 6 & 7, Tingkat Bawah, Rumah Kedai Taman Jumbo, Jln Putatan Petagas, Pekan Petagas, 88200 Kota Kinabalu, Sabah, Malaysia",Kota Kinabalu
99 Speedmart Malaysia,99 Speedmart 13416 (SBH) Asia City,5.9767517,116.07239489999999,"Lot 69 & 70, Ground Floor, Block H, Asia City, 88000 Kota Kinabalu, Sabah, Malaysia",Kota Kinabalu
99 Speedmart Malaysia,99 Speedmart 1371 Jalan Bangsar,3.122995,101.675934,"No: 80, Jalan Bangsar, Bangsar, 59000 Kuala Lumpur, Selangor, Malaysia",Kuala Lumpur
99 Speedmart Malaysia,99 Speedmart 13916 (SBH) 1 Borneo,6.036658999999999,116.12883329999998,"G-923 & 925, Ground Floor, Auto City, 1- Borneo Hypermall, Jalan Sulaman, 88450 Kota Kinabalu, Sabah, Malaysia",Kota Kinabalu
99 Speedmart Malaysia,99 Speedmart 1392 Shah Alam Sek 13,3.08325,101.54007,"No: 2 (GF, Jalan Bola Tampar 13/14, Seksyen 14, 40000 Shah Alam, Selangor, Malaysia",Selangor
99 Speedmart Malaysia,99 Speedmart 1405 Shah Alam Sek 9,3.0820904,101.52720839999999,"No: 23 & 25 (GF, Jalan 9/B, Seksyen 9, 40100 Shah Alam, Selangor, Malaysia",Selangor
99 Speedmart Malaysia,99 Speedmart 14116 (SBH) Taman Bunga Raja,5.9680262,116.10736779999998,"Lot No 3, Ground Floor, Bunga Raja Shopping Complex Jalan Bunga Ulam Raja Outer Ring Road, Inanam, 88300 Kota Kinabalu, Sabah, Malaysia",Kota Kinabalu
99 Speedmart Malaysia,99 Speedmart 1455 Shah Alam Sek 7 (2),3.0759716,101.4968323,"No: 10 & 12 (GF, Jalan Platinum E 7/E, Seksyen 7, 40000 Shah Alam, Selangor, Malaysia",Selangor
99 Speedmart Malaysia,99 Speedmart 1467 Ken Rimba,3.0543441,101.48418009999999,"KEN RIMBA Commercial Centre, No: 40 & 42 (GF, Jln Lengkuas D16/D, Rimba Jaya, 40200 Shah Alam, Selangor, Malaysia",Selangor
99 Speedmart Malaysia,99 Speedmart 1491 Shah Alam Sek 18,3.0451900000000003,101.517738,"No: 3 & 5 (GF, Jalan Pinang B 18/B, Seksyen 18, 40000 Shah Alam, Selangor, Malaysia",Selangor
99 Speedmart Malaysia,99 Speedmart 1500 Sunway Kayangan,3.1283068999999997,101.51934659999999,"No: 15 & 17 (Ground Floor), Jalan Ungu B U9/B, Sunway Kayangan, 40150 Shah Alam, Selangor, Malaysia",Selangor
99 Speedmart Malaysia,99 Speedmart 15216 (SBH)Karamunsing BDC,5.9658951,116.07181390000001,"Lot No 42, Go Down, Jalan Belia, Karamunsing, 88100 Kota Kinabalu, Sabah, Malaysia",Kota Kinabalu
99 Speedmart Malaysia,99 Speedmart 1527 Shah Alam Sek19,3.0508490999999998,101.5345344,"No. 2 (Ground Floor, 19/D, Jalan Nelayan 19/D, Seksyen 19, 40150 Shah Alam, Selangor, Malaysia",Selangor
99 Speedmart Malaysia,99 Speedmart 1535 Alam Idaman,3.0667071,101.5548367,"G-14 & G-15, Alam Idaman Services Apartment, No: 2, Jln Budiman 22/3, Seksyen 22, 40300 Shah Alam, Selangor, Malaysia",Selangor
99 Speedmart Malaysia,99 Speedmart 1616 Bandar Baru Klang 2,3.0639072,101.4630133,"Ground Floor, No: 10, Jalan Tiara 4, Bandar Baru Klang, 41150 Klang, Selangor, Malaysia",Selangor
99 Speedmart Malaysia,99 Speedmart 1627 (ME) Taman Merdeka Jaya,2.2724831,102.2442576,"No: 2 (Ground Floor, 43, Jalan Mj 2, Taman Merdeka Jaya, 75350 Melaka, Malaysia",Melaka
99 Speedmart Malaysia,99 Speedmart 1641 Jalan Angsoka,3.1484384999999997,101.70921589999999,"No: 7 & 9 (Ground Floor), Jalan Angsoka, Off, Jalan Nagasari, Bukit Bintang, 50200 Kuala Lumpur, Wilayah Persekutuan Kuala Lumpur, Malaysia",Kuala Lumpur
99 Speedmart Malaysia,99 Speedmart 1686 Jalan Imbi,3.1454489999999997,101.71453419999999,"126 & 128, Ground Floor, Jln Imbi, Bukit Bintang, 55100 Kuala Lumpur, Selangor, Malaysia",Kuala Lumpur
99 Speedmart Malaysia,99 Speedmart 1764 Kampung Pandan,3.143455,101.7284109,"No 37 (Ground Floor, Jalan Kampung Pandan, Maluri, 55100 Kuala Lumpur, Selangor, Malaysia",Kuala Lumpur
99 Speedmart Malaysia,99 Speedmart 1767 (ME) Pekan Alor Gajah,2.3804167,102.2098611,"KM 3052 & KM 3053 (Ground Floor Jalan Besar, Bangunan Prima Pekan Pekan, Sek II, 78000 Alor Gajah, Melaka, Malaysia",Melaka
99 Speedmart Malaysia,99 Speedmart 1807 (PK) Taman Song Choon,4.5556477,101.11161100000001,"Ground Floor, No: 7 & 9, Lebuh Rapat Baru 20a, Taman Song Choon, 31350 Ipoh, Perak, Malaysia",Ipoh
99 Speedmart Malaysia,99 Speedmart 1810 Pantai Dalam,3.1040934,101.66472519999999,"No: 9 & 11, Ground Floor, Jalan Pantai Murni 2, Pantai Dalam, 59200 Kuala Lumpur, Wilayah Persekutuan Kuala Lumpur, Malaysia",Kuala Lumpur
99 Speedmart Malaysia,99 Speedmart 1811 Wisma 99 Speedmart,3.0551874,101.4637686,"LOT PT 2811, Ground Floor, Jln Angsa, Taman Berkeley, 41150 Klang, Selangor, Malaysia",Selangor
99 Speedmart Malaysia,99 Speedmart 1836 (PK) Bercham,4.6324543,101.13037360000001,"Lot 211160 & 211161, Ground Floor, Lorong Bercham 1, Taman Lindungan Bercham Indah, 31400 Ipoh, Perak, Malaysia",Ipoh
99 Speedmart Malaysia,99 Speedmart 1847 (ME) Bukit Baru,2.2152827999999998,102.27077469999999,"No: 8 & 10 (Ground Floor), Jalan PNBBU, Pusat Niaga, Jalan Utama, Kampung Bukit Baru, 75150 Melaka, Malaysia",Melaka
99 Speedmart Malaysia,99 Speedmart 1852 (PK) Ipoh Boulevard,4.6197650999999995,101.12931259999999,"No: 12 & 12-1, Ground Floor, Lebuh Perajurit 3/1, Taman Ipoh Boulevard Timur, 31400 Ipoh, Perak, Malaysia",Ipoh
99 Speedmart Malaysia,99 Speedmart 1867 (ME) Taman Merlimau Utara,2.1636601,102.42968619999999,"No: JB 2927 (Single Storey, Jalan Mu 1, Taman Merlimau Utara, 77300 Merlimau, Melaka, Malaysia",Melaka
99 Speedmart Malaysia,99 Speedmart 1882 (ME) Melaka Raya,2.1846747,102.262345,"No: 12 & 14, Ground Floor, Jalan Melaka Raya 23, Melaka Raya, 75000 Malacca, Malaysia",Melaka
99 Speedmart Malaysia,99 Speedmart 1905 (PK) Taman Pengkalan Jaya,4.5470244,101.071934,"Malaysia, Perak, Ipoh, Taman Pengkalan Jaya, Jalan Pengkalan Barat 35, No : 46 & 48邮政编码: 31650",Ipoh
99 Speedmart Malaysia,99 Speedmart 1929 Segambut Garden,3.184398,101.6762152,"No :24 & 26, Ground Floor, Jln Segambut Utara, Segambut Garden, 51200 Kuala Lumpur, Selangor, Malaysia",Kuala Lumpur
99 Speedmart Malaysia,99 Speedmart 1932 | PK | Taman Tasek Damai,4.6528163,101.10513209999999,"No: 2-4 & 2-5, Ground Floor, Jalan Tawas Baru 1, Taman Tasek Damai, 30010 Ipoh, Perak, Malaysia",Ipoh
99 Speedmart Malaysia,99 Speedmart 1949 (PK) Pusat Bandar Baru Bercham,4.636499199999999,101.13443079999999,"No: 48 & 50 (Ground Floor), Persiaran Bercham Timur 20 Pusat Bandar Baru Bercham, 78, Persiaran Bercham Timur 20, Taman Bercham Baru, 31400 Ipoh, Perak, Malaysia",Ipoh
99 Speedmart Malaysia,99 Speedmart 1952 (PK) Ipoh Garden,4.612206700000001,101.11219469999999,"No: 135D & 135E, Ground Floor, Jln Dato Lau Pak Khuan, Ipoh Garden, 31400 Ipoh, Perak, Malaysia",Ipoh
99 Speedmart Malaysia,99 Speedmart 1981 (ME) MITC Perdana,2.2723219,102.28218659999999,"No: 24 & 26 (Ground Floor), Jalan Lingkaran MITC Kompleks Perniagaan MITC Perdana, Hang Tuah Jaya, 75450 Ayer Keroh, Melaka, Malaysia",Melaka
99 Speedmart Malaysia,99 Speedmart 1995 (PK) Greentown Business Centre,4.5999744,101.09614719999999,"No : 16 & 18, Ground Floor, Persiaran Greentown 10, Greentown Business Centre, 30450 Ipoh, Perak, Malaysia",Ipoh
99 Speedmart Malaysia,99 Speedmart 2014 (PK) Taman Pinji Mewah,4.531020799999999,101.0828547,"No : 32 & 34, Ground Floor, Persiaran Zarib 3, Taman Pinji Mewah, 31500 Lahat, Perak, Malaysia",Ipoh
99 Speedmart Malaysia,99 Speedmart 20619 (SBH) Wisma Damai,5.964458400000001,116.0901365,"Parcel No: 7, Block No 7, Ground Floor Wisma Damai, 88300, Luyang Commercial Centre, 88300 Kota Kinabalu, Sabah, Malaysia",Kota Kinabalu
99 Speedmart Malaysia,99 Speedmart 2078 (ME) Taman Kota Laksamana,2.1966048,102.2376578,"No: 10 & 12 (Ground Floor), Jalan KL 3/7 Seksyen 3, Taman Kota Laksamana, 75200 Melaka, Malaysia",Melaka
99 Speedmart Malaysia,99 Speedmart 2096 (ME) Sungai Rambai,2.1237956,102.4959021,"No: JB 4884 & JB 4885, Ground Floor, Jalan Bazar, 77400 Sungai Rambai, Melaka, Malaysia",Melaka
99 Speedmart Malaysia,99 Speedmart 2129 (PK) Taman Rimba Tambun,4.606460800000001,101.1423519,"No: 6 & 8, Ground Floor, Persiaran Desa Tambun, Taman Rimba Tambun, 31400 Ipoh, Perak, Malaysia",Ipoh
99 Speedmart Malaysia,99 Speedmart 2167 (JH) Taman Molek,1.5283849999999999,103.7929195,"No: 30, Ground Floor, 19A, Jalan Molek 2/1, Taman Molek, 81100 Johor Bahru, Johor Darul Ta'zim, Malaysia",Johor Bahru
99 Speedmart Malaysia,99 Speedmart 2187 (JH) Taman Dato Onn,1.4862529999999998,103.75159130000002,"No: 1 (Ground Floor, Jalan Dato Jaafar 1, Taman Dato Onn, 80350 Johor Bahru, Johor Darul Ta'zim, Malaysia",Johor Bahru
99 Speedmart Malaysia,99 Speedmart 2191 Taman Seputeh,3.1200164000000004,101.6798345,"Ground Floor, No: 62-2 & 62-3, Jalan Bukit Raja, Taman Seputeh, 58000 Kuala Lumpur, Wilayah Persekutuan Kuala Lumpur, Malaysia",Kuala Lumpur
99 Speedmart Malaysia,99 Speedmart 2192 (JH) Dataran Larkin,1.49875,103.7418333,"No: 6-01 & 8-01, BT 50, Jalan Dataran Larkin 5, Taman Dataran Larkin, 80350 Johor Bahru, Johor Darul Ta'zim, Malaysia",Johor Bahru
99 Speedmart Malaysia,99 Speedmart 2195 (PK) Jalan Labrooy,4.6123832,101.0754185,"No: 16E & 16F, Ground Floor, Jalan Labrooy, Taman Pari, 30100 Ipoh, Perak, Malaysia",Ipoh
99 Speedmart Malaysia,99 Speedmart 2223 (JH) Taman Mount Austin,1.5503320999999999,103.7844612,"No: G-61 & G-63, Ground Floor, Jalan Mutiara Emas 10/2, Taman Mount Austin, 81100 Johor Bahru, Johor Darul Ta'zim, Malaysia",Johor Bahru
99 Speedmart Malaysia,99 Speedmart 2270 (PK) Taman Foo Onn,4.6313083,101.0848548,"No: 144A & 146, Ground Floor, Jln. Kuala Kangsar, Taman Foo Onn, 30010 Ipoh, Perak, Malaysia",Ipoh
99 Speedmart Malaysia,99 Speedmart 2281 (JH) Taman Daya 2,1.5405522999999999,103.7656404,"No: 24 & 26, Ground Floor, Jalan Bertam 14, Taman Daya, 81100 Johor Bahru, Johor Darul Ta'zim, Malaysia",Johor Bahru
99 Speedmart Malaysia,99 Speedmart 2286 Taman Desa,3.1026944,101.6845,"No: 32A & 33A (Ground Floor, Faber Plaza, Jalan Desa Bakti, Taman Desa, 58100 Kuala Lumpur, Wilayah Persekutuan Kuala Lumpur, Malaysia",Kuala Lumpur
99 Speedmart Malaysia,99 Speedmart 2296 (JH) Taman Pelangi,1.4780345,103.7672288,"No: 33 & 35 Ground Floor, 2, Jalan Kuning, Taman Pelangi, 80400 Johor Bahru, Johor Darul Ta'zim, Malaysia",Johor Bahru
99 Speedmart Malaysia,99 Speedmart 2303 (ME) Taman Alai Murni,2.1778055,102.306074,"Ground Floor, No: 4 & 6, Jalan AM 2, Taman Alai Murni, 75460 Melaka, Malaysia",Melaka
99 Speedmart Malaysia,99 Speedmart 2310 (ME) @Taman Pertam Jaya,2.1914119999999997,102.2794493,"No: 3 & 5, Ground Floor, Jalan PJ 1, Taman Pertam Jaya, 75050 Melaka, Malaysia",Melaka
99 Speedmart Malaysia,99 Speedmart 2315 (PK) Bandar Baru Menglembu,4.575106,101.0490942,"No: 52 & 54, Ground Floor, 52 & 54, Persiaran Kledang Timur 21, Bandar Baru, 31450 Menglembu, Perak, Malaysia",Ipoh
99 Speedmart Malaysia,99 Speedmart 2317 (PK) Taman Pengkalan Pertama,4.5549088,101.069192,"Ground Floor, No: 11 & 13, 1, Jalan Pengkalan Pertama 21, Taman Pengkalan Pertama, 31650 Ipoh, Perak, Malaysia",Ipoh
99 Speedmart Malaysia,99 Speedmart 23619 (SBH) Gaya Street,5.9855,116.0773056,"No.7, Ground Floor, Jalan Pantai, Pusat Bandar Kota Kinabalu, 88000 Kota Kinabalu, Sabah, Malaysia",Kota Kinabalu
99 Speedmart Malaysia,99 Speedmart 2375 (PG) Taman Padang Lallang,5.3598474000000005,100.44442409999999,"No: 162 & 164, Ground Floor, Jalan Tembikai, Taman Padang Lallang, 14000 Simpang Ampat, Pulau Pinang, Malaysia",Penang
99 Speedmart Malaysia,99 Speedmart 2376 (ME) Taman Paya Dalam,2.201197,102.35055009999999,"No: 15 & 17 (Ground Floor), Jalan TPD 1 Taman Paya Dalam, Kampung Bukit Lintang, 75460 Ayer Molek, Melaka, Malaysia",Melaka
99 Speedmart Malaysia,99 Speedmart 2461 (PG) Taman Regensi Oren,5.4300248,100.390675,"Ground Floor, No: 7521 & 7522, Lorong Seri Tanjung 1, Taman Regensi Oren, 13400 Butterworth, Penang, Malaysia",Penang
99 Speedmart Malaysia,99 Speedmart 2466 (PG) Taman Seri Berapit,5.3841632,100.4786727,"No: 15 & 17, Ground Floor, Jalan Seri Berapit, Taman Seri Berapit, 14000 Bukit Mertajam, Pulau Pinang, Malaysia",Penang
99 Speedmart Malaysia,99 Speedmart 2470 (PK) Jalan Raja Musa Aziz,4.599093,101.08514000000001,"No : 78 & 80, Ground Floor, Jalan Raja Musa Aziz, Kampung Jawa, 30300 Ipoh, Perak, Malaysia",Ipoh
99 Speedmart Malaysia,99 Speedmart 2478 (PG) Pusat Perniagaan Serdang,5.5056142,100.43373849999999,"No: 78 & 80, Ground Floor, Jalan Serdang 1, Pusat Perniagaan Serdang, 13200 Kepala Batas, Pulau Pinang, Malaysia",Penang
99 Speedmart Malaysia,99 Speedmart 2484 (PG) Taman Merbau Indah,5.4472061,100.4314833,"No: 1976 & 1977, Ground Floor, Jln Merbau Indah, Taman Merbau Indah, 13800 Butterworth, Pulau Pinang, Malaysia",Penang
99 Speedmart Malaysia,99 Speedmart 2486 (ME) Taman Seri Telok Emas 1,2.1706317,102.3353544,"No : 1 & 3, Jalan Seri Emas 37, Taman Seri Telok Emas, 75460 Telok Mas, Melaka, Malaysia",Melaka
99 Speedmart Malaysia,99 Speedmart 25020 (SBH) Grand Plaza Putatan,5.8919664,116.04924120000001,"Lot 1 & 2 Putatan Light Industrial Centre, Jln Putatan, Bandar Putatan, 88200 Kota Kinabalu, Sabah, Malaysia",Kota Kinabalu
99 Speedmart Malaysia,99 Speedmart 2503 (PG) Taman Mewah,5.3995501,100.373943,"No: 5016, Ground Floor, Jalan New Ferry, Taman Mewah, 12100 Butterworth, Pulau Pinang, Malaysia",Penang
99 Speedmart Malaysia,99 Speedmart 2514 (PG) Taman Bayu Aman,5.4816799,100.3827523,"No : 8 & 10, Ground Floor, Jalan Bayu Aman, Taman Bayu Aman, 13050 Butterworth, Pulau Pinang, Malaysia",Penang
99 Speedmart Malaysia,99 Speedmart 2541 (KH) Taman Tunku Putra,5.3710287,100.5563165,"Ground floor, No: 12 & 13, Jalan Bayu 1, Taman Tunku Putra, 09000 Kulim, Kedah, Malaysia",Penang
99 Speedmart Malaysia,99 Speedmart 2542 (PG) Bandar Perda,5.3705128,100.4414073,"No: 26 (Ground Floor, Jalan Perda Timur, Bandar Perda, 14000 Bukit Mertajam, Pulau Pinang, Malaysia",Penang
99 Speedmart Malaysia,99 Speedmart 2562 (JH) Taman Mount Austin 2,1.5579425,103.7800618,"No: 2 (Ground Floor, Jln Austin Heights 3/2, Taman Mount Austin, 81100 Johor Bahru, Johor Darul Ta'zim, Malaysia",Johor Bahru
99 Speedmart Malaysia,99 Speedmart 2571 (JH) Taman Abad,1.4872045000000003,103.7608123,"No: 11 & 13, Ground Floor, Jalan Pelanduk, Taman Abad, 80250 Johor Bahru, Johor Darul Ta'zim, Malaysia",Johor Bahru
99 Speedmart Malaysia,99 Speedmart 25820 (SBH) Taman Rainfield,5.9283141,116.07870229999997,"Lot S1, Ground Floor Rainfield Court Shop Lot, Jln Nosoob Hungab, 88200 Kota Kinabalu, Sabah, Malaysia",Kota Kinabalu
99 Speedmart Malaysia,99 Speedmart 2599 Jalan Pudu,3.1462038999999997,101.70062019999999,"No: 12 & 14, Ground Floor, Jln Pudu, Bukit Bintang, 55100 Kuala Lumpur, Wilayah Persekutuan Kuala Lumpur, Malaysia",Kuala Lumpur
99 Speedmart Malaysia,99 Speedmart 2601 (JH) Taman Melodies,1.4908112,103.76291049999999,"No: 83 (Ground Floor, Jln Beringin, Taman Melodies, 80250 Johor Bahru, Johor Darul Ta'zim, Malaysia",Johor Bahru
99 Speedmart Malaysia,99 Speedmart 2609 (PG) Taman Bintang,5.4347074,100.3792355,"No: 6858 & 6859, Ground Floor, Jalan Bagan Jermal, Taman Bintang, 13000 Butterworth, Pulau Pinang, Malaysia",Penang
99 Speedmart Malaysia,99 Speedmart 2612 (JH) Bandar Baru Permas Jaya 5,1.4973519000000002,103.8121287,"No: 3 & 5, Ground Floor, Jalan Permas 11, Bandar Baru Permas Jaya, 81750 Masai, Johor Darul Ta'zim, Malaysia",Johor Bahru
99 Speedmart Malaysia,99 Speedmart 2627 Jalan Galloway,3.14263,101.70523179999999,"No: 26 & 28, Ground Floor, Jalan Galloway, Bukit Bintang, 50150 Kuala Lumpur, Wilayah Persekutuan Kuala Lumpur, Malaysia",Kuala Lumpur
99 Speedmart Malaysia,99 Speedmart 2631 (ME) Taman Kota Laksamana 2,2.1943791999999998,102.24386919999999,"No: 41 & 43 (Ground Floor Jalan T.K.L, 1, 2, Taman Kota Laksamana, 75200 Melaka, Malaysia",Melaka
99 Speedmart Malaysia,99 Speedmart 2661 (JH) Taman Kempas Utama,1.5477942,103.705767,"Ground Floor, No: 2 & 6, Jln Kempas Utama 2/1, Taman Kempas Utama, 81300 Johor Bahru, Johor Darul Ta'zim, Malaysia",Johor Bahru
99 Speedmart Malaysia,99 Speedmart 2662 (JH) De'Stulang,1.4700338,103.7813449,"No: K2-105 & K2-106 (Ground Floor De'Stulang Kompleks Perdagangan Stulang Laut, Jalan Ibrahim Sultan, Taman Stulang Laut, 80300 Johor Bahru, Johor Darul Ta'zim, Malaysia",Johor Bahru
99 Speedmart Malaysia,99 Speedmart 2676 (JH) Taman Pelangi 2,1.4826956,103.7755545,"No: 51 & 53, Ground Floor, Jalan Kuning, Taman Pelangi, 80400 Johor Bahru, Johor Darul Ta'zim, Malaysia",Johor Bahru
99 Speedmart Malaysia,99 Speedmart 2702 (PK) Taman Buntong Jaya,4.5999494,101.0475713,"Ground Floor, No: 2 & 4, Persiaran Buntong Jaya 14, Taman Buntong Jaya, 30100 Ipoh, Perak, Malaysia",Ipoh
99 Speedmart Malaysia,99 Speedmart 2728 (PK) Jalan Pasir Puteh,4.5824263,101.08189589999999,"No 221 & 223, Ground Floor, Jalan Pasir Puteh, Taman Taiping, 31650 Ipoh, Perak, Malaysia",Ipoh
99 Speedmart Malaysia,99 Speedmart 2732 (KH) Taman Selasih,5.3763666,100.5365748,"No 3637 & 3638, Ground Floor, Jalan Selasih 2, Taman Selasih, 09000 Kulim, Kedah, Malaysia",Penang
99 Speedmart Malaysia,99 Speedmart 2765 (PG) Taman Kelisa Emas,5.3911275000000005,100.4080355,"No: 29 & 31, Ground Floor, Jalan Kelisa Emas 1, Taman Kelisa Emas, 13700 Perai, Pulau Pinang, Malaysia",Penang
99 Speedmart Malaysia,99 Speedmart 2773 (PG) I-Santorini,5.4542668999999995,100.3082871,"No: 8-G-8 & 8-G-9 (Ground Floor I-Santorin, Jalan Seri Tanjung Pinang 1, Seri Tanjung Pinang, 10470 Tanjung Tokong, Pulau Pinang, Malaysia",Penang
99 Speedmart Malaysia,99 Speedmart 2777 (JH) Taman Johor Jaya 3,1.5442430999999999,103.79517849999999,"No: 50 & 52, Ground Floor, Jalan Bakawali 39, Taman Johor Jaya, 81100 Johor Bahru, Johor Darul Ta'zim, Malaysia",Johor Bahru
99 Speedmart Malaysia,99 Speedmart 2807 (JH) Taman Sentosa 1,1.491283,103.76819599999999,"No:, 8 & 10 (Ground Floor, Jalan Sutera 3, Taman Sentosa, 80150 Johor Bahru, Johor Darul Ta'zim, Malaysia",Johor Bahru
99 Speedmart Malaysia,99 Speedmart 2817 (PG) PP Gemilang,5.3513855999999995,100.4412009,"No: 99 & 101, Ground Floor, Jln Perniagaan Gemilang 1, Pusat Perniagaan Gemilang, 14000 Bukit Mertajam, Pulau Pinang, Malaysia",Penang
99 Speedmart Malaysia,99 Speedmart 28222 (SBH) Segama,5.984000099999999,116.07514149999999,"Lot 4 & 5, Block B Segama Commecial Complex, Jalan Padas, Pusat Bandar Kota Kinabalu, 88000 Kota Kinabalu, Sabah, Malaysia",Kota Kinabalu
99 Speedmart Malaysia,99 Speedmart 2890 (JH) Taman Nong Chik Heights,1.4698179,103.7370017,"No: 20 & 21 (Ground Floor Jalan Kolam Air 1 Taman Nong Chik Heights, Kampung Nong Chik, 80100 Johor Bahru, Johor Darul Ta'zim, Malaysia",Johor Bahru
99 Speedmart Malaysia,99 Speedmart 2901 (JH) Taman Sentosa 2,1.4940995,103.7830779,"No: 258 & 260, Ground Floor, Jalan Sutera, Taman Sentosa, 80150 Johor Bahru, Johor Darul Ta'zim, Malaysia",Johor Bahru
99 Speedmart Malaysia,99 Speedmart 2920 (PG) Jalan Gurdwara,5.4059187,100.3276159,"No: 284, Ground Floor, Jalan Gurdwara, 10300 George Town, Pulau Pinang, Malaysia",Penang
99 Speedmart Malaysia,99 Speedmart 2936 Bandar Baru Klang 3,3.0633987,101.4693068,"22A & 26, Lorong Tiara 1b, Bandar Baru Klang, 41150 Klang, Selangor, Malaysia",Selangor
99 Speedmart Malaysia,99 Speedmart 2963 (JH) Bandar Uda Utama,1.4969389,103.6663227,"No: 2 (Ground Floor, 8a, Jalan Uda Utama 4/1, Bandar Uda Utama, 81200 Johor Bahru, Johor Darul Ta'zim, Malaysia",Johor Bahru
99 Speedmart Malaysia,99 Speedmart 2969 Jalan Pasar Pudu,3.1349682,101.7169052,"No: 119 & 121 (Ground Floor, Jalan Pasar, Pudu, 55100 Kuala Lumpur, Wilayah Persekutuan Kuala Lumpur, Malaysia",Kuala Lumpur
99 Speedmart Malaysia,99 Speedmart 2997 (PK) Jalan Pasir Puteh 2,4.5696352000000005,101.0798573,"Ground Floor, 635 & 637, Jalan Pasir Puteh, Kampung Pasir Puteh Baharu, 31650 Ipoh, Perak, Malaysia",Ipoh
99 Speedmart Malaysia,99 Speedmart 3049 (PK) Jalan Raja Permaisuri Bainun,4.584237,101.09200059999999,"No : 108B & 108C (Ground Floor, Jalan Raja Permaisuri Bainun, Taman Chateau, 30250 Ipoh, Perak, Malaysia",Ipoh
99 Speedmart Malaysia,99 Speedmart 3216 Residensi Trofi,3.1237521999999998,101.71112869999999,"No: G-05 (Ground Floor, Residensi Trofi 1, 1, Jalan Dua, Sungai Besi, 55200 Kuala Lumpur, Wilayah Persekutuan Kuala Lumpur, Malaysia",Kuala Lumpur
99 Speedmart Malaysia,99 Speedmart 3232 (PK) Jalan Yang Kalsom,4.5908052,101.0844953,"No: 52 & 54 (Ground Floor, 50, Jalan Yang Kalsom, Taman Jubilee, 30250 Ipoh, Perak, Malaysia",Ipoh
99 Speedmart Malaysia,99 Speedmart 3373 (PG) Taman Mengkuang Indah,5.4103395,100.48597249999999,"No: 30 & 32 (Ground Floor, Lorong Mengkuang Indah 2, Taman Mengkuang Indah, 14400 Kubang Semang, Pulau Pinang, Malaysia",Penang
99 Speedmart Malaysia,99 Speedmart 3507 (PG) Taman Lembah Indah,5.2886071,100.4600531,"No: 6 & 8 (Ground Floor, Lorong Lembah Indah 7, Taman Lembah Indah, 14100 Simpang Ampat, Pulau Pinang, Malaysia",Penang
99 Speedmart Malaysia,99 Speedmart 3515 (ME) Bandar Botani Parklane,2.2569697,102.40232259999999,"No: JC 9221 & JC 9222 (Ground Floor Jalan BBP 1 Bandar Botani, Parkland, Presint 1, 77200 Bemban, Melaka, Malaysia",Melaka
99 Speedmart Malaysia,99 Speedmart 3762 (ME) Taman Desa Baru,2.2228046,102.26513,"No: 8 & 10 (Ground Floor, Jalan Desa Baru, Taman Desa Baru, 75350 Melaka, Malaysia",Melaka
99 Speedmart Malaysia,99 Speedmart 3808 (ME) Taman Semabok Emas,2.1946792,102.2878762,"No: 11 & 13 (Ground Floor, Jalan SE 1, Taman Semabok Emas, 75050 Melaka, Malaysia",Melaka
99 Speedmart Malaysia,99 Speedmart 3823 (KT) Taman Tropika,4.8710723,101.95364,"No: 4225 & 4226 (Ground Floor, Taman Tropika, 18300 Gua Musang, Kelantan, Malaysia",Kuching
99 Speedmart Malaysia,99 Speedmart Jalan Putatan Ramayah,5.9003029,116.0715988,"Jalan Putatan Ramayah, 89500 Penampang, Sabah, Malaysia",Kota Kinabalu
99 Speedmart Malaysia,99 Speedmart Sabah HQ,6.1002649,116.1864384,"Lot No, 12, Jalan 1 Kkip Selatan, Kkip Industrial Zone 7, 88460 Kota Kinabalu, Sabah, Malaysia",Kota Kinabalu
99 Speedmart Malaysia,99 Speedmart Senai Store,1.6145756,103.7120916,"LOT 6942, JALAN SEELONG JAYA 6, KAMPUNG SEELONG JAYA, SEELONG, 81400 Senai, Johor, Malaysia",Johor Bahru
99 Speedmart Malaysia,99 Speedmart Warehouse 2 Jalan Kebun,2.9961232,101.4933942,"Lot 201, 202, 203, Jalan Sri Gambut, 41000 Klang, Selangor, Malaysia",Kuching
99 Speedmart Malaysia,99 Speedmart Warehouse Batu Kawan (WH09),5.301259099999999,100.43447549999999,"Plot 22A, Lorong PSPN 13, Penang Science Park North, 14100, 14100 Simpang Ampat, Penang, Malaysia",Penang
99 Speedmart Malaysia,99 Speedmart Warehouse Jalan Kapar,3.0722386,101.40820719999999,"8, Jalan Kapar, Batu 4, 42100 Klang, Selangor, Malaysia",Kuching
99 Speedmart Malaysia,99 Speedmart Warehouse Rawang,3.3474364999999997,101.5621201,"Kawasan Perindustrian, Lot 4326, Jalan Mohd Taib, Sungai Choh, 48000 Rawang, Selangor, Malaysia",Kuching
CU Mart Malaysia,CU,3.0757729,101.5889306,"76, Jalan SS 15/4, Ss 15, 47500 Subang Jaya, Selangor, Malaysia",Kuala Lumpur
CU Mart Malaysia,CU,1.5151008,103.66974379999999,"No. 127 (G Floor, Jalan Sutera Tanjung 8/2, Taman Sutera Utama, 81200 Skudai, Johor Darul Ta'zim, Malaysia",Penang
CU Mart Malaysia,CU 1 Utama Shopping Centre,3.1489857,101.6161328,"Lot F202 & F203, 1st Floor, Bandar Utama, 47800 Petaling Jaya, Selangor, Malaysia",Kuala Lumpur
CU Mart Malaysia,CU 5072 @ Plaza Arkadia,3.1866467999999997,101.63628910000001,"F-G-10, Plaza Arkadia, 3, Jalan Intisari, Desa Parkcity, 52200 Kuala Lumpur, Federal Territory of Kuala Lumpur, Malaysia",Kuala Lumpur
CU Mart Malaysia,CU @ DC Mall,3.1462775,101.6619886,"LOT G-05, Ground Floor, Damansara City Mall, 6, Jalan Damanlela, Bukit Damansara, 50490 Kuala Lumpur, Wilayah Persekutuan Kuala Lumpur, Malaysia",Kuala Lumpur
CU Mart Malaysia,CU Alor Setar,6.0967845,100.3567815,"48, Jalan Kuala Kedah, Taman Gunung Indah, 05400 Alor Setar, Kedah, Malaysia",Penang
CU Mart Malaysia,CU Bandar Baru Uda JB,1.4998893,103.70832999999999,"8 & 10, Jalan Padi Emas 6/1, Bandar Baru Uda, 81200 Johor Bahru, Johor Darul Ta'zim, Malaysia",Johor Bahru
CU Mart Malaysia,CU Bandar Manjalara Kepong,3.1951278,101.6310524,"Jalan 3/62a, Bandar Menjalara, 52200 Kuala Lumpur, Wilayah Persekutuan Kuala Lumpur, Malaysia",Kuala Lumpur
CU Mart Malaysia,CU Bandar Perda • Bukit Mertajam,5.3656672,100.4361569,"Ground Floor, 456, Jln. Permatang Rawa, Bandar Perda, 14000 Bukit Mertajam, Pulau Pinang, Malaysia",Penang
CU Mart Malaysia,CU Bukit Dahlia,1.478562,103.8938711,"28, Jalan Serangkai 18, Taman Bukit Dahlia, 81700 Pasir Gudang, Johor Darul Ta'zim, Malaysia",Johor Bahru
CU Mart Malaysia,CU Bukit Tinggi Klang,3.0071637,101.4357124,"No.62-0, Lorong Batu Nilam 4b, Bandar Bukit Tinggi 1, 41200 Klang, Selangor, Malaysia",Selangor
CU Mart Malaysia,CU Butterworth Business City Centre,5.415101900000001,100.3794506,"22, Butterworth Business City Centre, Jalan Raja Uda, Kampung Baharu, 12300 Butterworth, Penang, Malaysia",Penang
CU Mart Malaysia,CU Centrepoint Bandar Utama.,3.137466,101.609805,"G03 & 03A, Centrepoint, Lebuh Bandar Utama, Bandar Utama, 47800 Petaling Jaya, Selangor, Malaysia",Kuala Lumpur
CU Mart Malaysia,CU City Junction,5.4493364,100.3049897,"2-1-3, City Junction, 2, Persiaran Lengkuas, Kampung Belachan, 10470 Tanjung Tokong, Pulau Pinang, Malaysia",Penang
CU Mart Malaysia,CU Dataran Glomac PJ,3.1028286,101.6002541,"C-G, 06, Jalan SS 6/5b, Dataran Glomac, 47301 Petaling Jaya, Selangor, Malaysia",Selangor
CU Mart Malaysia,CU Desa Petaling,3.0830534999999997,101.70443999999999,"43-G & 45-G, Jln 1/125d, Taman Desa Petaling, 57100 Kuala Lumpur, Federal Territory of Kuala Lumpur, Malaysia",Kuala Lumpur
CU Mart Malaysia,CU Eco Botanic,1.4390764,103.6205212,"82, Jalan Eko Botani 3/2, 79100 Gelang Patah, Johor Darul Ta'zim, Malaysia",Johor Bahru
CU Mart Malaysia,CU Greentown Ipoh,4.5992122,101.096172,"Greentown, 31, Persiaran Greentown 7, Pusat Perdagangan Greentown, 30450 Ipoh, Perak, Malaysia",Ipoh
CU Mart Malaysia,CU Gurney Plaza,5.4382204,100.310036,"170, B1, 39, Gurney Dr, Georgetown, 10250 George Town, Penang, Malaysia",Penang
CU Mart Malaysia,CU IOI City Mall Putrajaya,2.969381,101.71359029999999,"Lot GE-16, Ground Floor IOI City Mall, City, Lbh IRC, Ioi Resort, 62502 Putrajaya, Selangor, Malaysia",Melaka
CU Mart Malaysia,CU Kebun Teh Johor Bahru,1.4856416,103.7539702,"14-01, Jalan Kebun Teh 1, Larkin, 80350 Johor Bahru, Johor Darul Ta'zim, Malaysia",Johor Bahru
CU Mart Malaysia,CU Kota Masai,1.4847276,103.9375408,"23a, Jln Ekoperniagaan 7, Taman Kota Masai, 81700 Pasir Gudang, Johor Darul Ta'zim, Malaysia",Johor Bahru
CU Mart Malaysia,CU Kuala Kangsar,4.7724768,100.9402898,"5, Persiaran Perbandaran, Bandar Baru, 33000 Kuala Kangsar, Perak, Malaysia",Penang
CU Mart Malaysia,CU Kuala Ketil,5.605160199999999,100.640581,"108 & 109, PERSIARAN KKCC 2, COMMERCIAL CENTRE, 09300 Kuala Ketil, Kedah, Malaysia",Penang
CU Mart Malaysia,CU Kulim,5.3840037999999995,100.546711,"27, Jln KLC 4, Kulim Landmark Central, 09000 Kulim, Kedah, Malaysia",Penang
CU Mart Malaysia,CU Larkin Jaya,1.4955043,103.74120029999999,"PTB NO. 24500, Jln Geroda 2/1, Larkin Jaya, 80350 Johor Bahru, Johor, Malaysia",Johor Bahru
CU Mart Malaysia,CU Mart,3.1348713,101.722742,"Lot B1-061 & 062, Level B1, MyTOWN Shopping Centre, 6, Jalan Cochrane, Seksyen 90, 55100 Kuala Lumpur, Wilayah Persekutuan Kuala Lumpur, Malaysia",Kuala Lumpur
CU Mart Malaysia,CU Mart,3.1615531,101.7168279,"Hampshire Park, 50450 Kuala Lumpur, Wilayah Persekutuan Kuala Lumpur, Malaysia",Kuala Lumpur
CU Mart Malaysia,CU Mart,3.1276192,101.4685062,"No. 54 Ground Floor, Jln Setia Gemilang BM U13/BM, Setia Alam, 40170 Shah Alam, Selangor, Malaysia",Selangor
CU Mart Malaysia,CU Mart,5.6750899,100.50811069999999,"MGG5+26, Bandar Amanjaya, 08000 Sungai Petani, Kedah, Malaysia",Penang
CU Mart Malaysia,CU Mart,1.6354875,103.66326959999999,"33-G, Jalan Terminal 5, 81400 Senai, Johor Darul Ta'zim, Malaysia",Johor Bahru
CU Mart Malaysia,CU Mart,2.1981851,102.2319585,"10, Jln KLJ 4, Taman Kota Laksamana, 75350 Malacca, Malaysia",Melaka
CU Mart Malaysia,CU Mart - Sunway Square Mall,3.0647694,101.6038226,"3J73+WG, 47500 Subang Jaya, Selangor, Malaysia",Kuala Lumpur
CU Mart Malaysia,"CU Mart 5070, Avenue K",3.1594765999999996,101.71351489999999,"C3B, Avenue K, Jln Ampang, 50450 Kuala Lumpur, Federal Territory of Kuala Lumpur, Malaysia",Kuala Lumpur
CU Mart Malaysia,CU Mart 5071,4.4950773,101.3893011,"B-G-31, Presint 1, Cameron Centrum, Brinchang, 39100 Brinchang, Pahang, Malaysia",Ipoh
CU Mart Malaysia,"CU Mart @ 68 Avenue, Suria Commercial, Nusa Perintis",1.4556174,103.59899449999999,"FH4X+7H, Taman Nusa Perintis, 81550 Gelang Patah, Johor, Malaysia",Johor Bahru
CU Mart Malaysia,CU Mart @ Ampang Point,3.1588456999999996,101.75012369999999,"28 (GF, Jalan Memanda 7, Taman Dato Ahmad Razali, 50450 Ampang, Selangor, Malaysia",Kuala Lumpur
CU Mart Malaysia,CU Mart @ Uptown,3.1363523000000004,101.62350029999999,"NO 47G, UPTOWN, 37, Jalan SS 21/37, Damansara Utama, 47800 Petaling Jaya, Selangor, Malaysia",Kuala Lumpur
CU Mart Malaysia,CU Mart @Tarcor Park,2.2020777,102.2230749,"188-18, Jln Persisiran Pantai, limbongan, Klebang, Melaka, Malaysia",Melaka
CU Mart Malaysia,CU Mart Cottage Walk Cyberjaya,2.9203945000000004,101.65914079999999,"Off, Persiaran APEC, Cottage Walk, 63000 Cyberjaya, Selangor, Malaysia",Selangor
CU Mart Malaysia,CU Mart Subang Bestari,3.1782279000000004,101.5479639,"19, Jalan Nova U5/N, Subang Bestari, 40150 Shah Alam, Selangor, Malaysia",Selangor
CU Mart Malaysia,CU Mart Taman Perling,1.4821153000000002,103.6848805,"No. 18-G, Jalan Persiaran Perling 1, Taman Perling, 81200 Johor Bahru, Johor Darul Ta'zim, Malaysia",Johor Bahru
CU Mart Malaysia,CU Mart Wangsa Maju,3.1968403999999997,101.7417395,"6, Jalan Wangsa Delima 11, Wangsa Maju, 53300 Kuala Lumpur, Wilayah Persekutuan Kuala Lumpur, Malaysia",Kuala Lumpur
CU Mart Malaysia,CU Megan Avenue,3.1619823,101.7170103,"E-D-2 & E-1-2, 1 BLOCK E, MEGAN AVENUE, Jln Tun Razak, Kuala Lumpur, 50400 Kuala Lumpur, Wilayah Persekutuan Kuala Lumpur, Malaysia",Kuala Lumpur
CU Mart Malaysia,CU Mid Valley,3.1193065,101.6775605,"Ground Floor, North Entrance, Mid Valley City, 58000 Kuala Lumpur, Wilayah Persekutuan Kuala Lumpur, Malaysia",Kuala Lumpur
CU Mart Malaysia,CU Mount Austin Johor Bahru,1.5604094,103.7803258,"35, Jalan Austin Heights 3, Taman Mount Austin, 81100 Johor Bahru, Johor Darul Ta'zim, Malaysia",Johor Bahru
CU Mart Malaysia,CU Mutiara Mas Skudai,1.5138711999999999,103.63173789999999,"63-G, Jln Mutiara 1/9, Mutiara Rini, 81300 Skudai, Johor Darul Ta'zim, Malaysia",Johor Bahru
CU Mart Malaysia,CU Palo 101,4.5924533,101.0862458,"189-B, Jalan Sultan Iskandar, Taman Jubilee, 30000 Ipoh, Perak, Malaysia",Ipoh
CU Mart Malaysia,CU Permas Jaya,1.4965157999999998,103.8151934,"1, Jln Permas 10, Bandar Baru Permas Jaya, 81750 Johor Bahru, Johor Darul Ta'zim, Malaysia",Johor Bahru
CU Mart Malaysia,CU Queens Waterfront,5.3322081,100.3095759,"SU-G-25, Q1, QUEENS RESIDENCES, Persiaran Bayan Indah, 11900 Bayan Lepas, Penang, Malaysia",Penang
CU Mart Malaysia,CU Riverfront Sungai Petani,5.6399843,100.48100230000001,"No.101, Tingkat, 1, Jalan Mawar 2, Taman Pekan Baru, 08000 Sungai Petani, Kedah, Malaysia",Penang
CU Mart Malaysia,CU Rohas KLCC,3.1552151999999998,101.7090279,"11, Jalan P. Ramlee, City Centre, 50250 Kuala Lumpur, Wilayah Persekutuan Kuala Lumpur, Malaysia",Kuala Lumpur
CU Mart Malaysia,"CU Seksyen 13, Shah Alam",3.0757992,101.5518776,"Seksyen 13, 40100 Shah Alam, Selangor, Malaysia",Kuala Lumpur
CU Mart Malaysia,CU Setia City Mall,3.1094684999999997,101.4602178,"LG-131, Lower Ground Floor, Setia City Mall, 7, Persiaran Setia Dagang, Setia Alam, 40170 Shah Alam, Selangor, Malaysia",Selangor
CU Mart Malaysia,CU Solaria Square,5.300138899999999,100.2661972,"G-7, SOLARIA SQUARE, Jalan Tun Dr Awang, Kampung Perlis, 11900 Bayan Lepas, Penang, Malaysia",Penang
CU Mart Malaysia,CU Solaris,3.1757020999999996,101.65970879999999,"No. 20-G, Jalan Solaris 4, Solaris Mont Kiara, 50480 Kuala Lumpur, Wilayah Persekutuan Kuala Lumpur, Malaysia",Kuala Lumpur
CU Mart Malaysia,CU Southkey,1.5013337999999998,103.7774187,"F-028, THE MALL, MID VALLEY SOUTHKEY, 1, Persiaran Southkey 1, Southkey, 80150 Johor Bahru, Johor, Malaysia",Johor Bahru
CU Mart Malaysia,CU Subang Perdana Shah Alam,3.1488253,101.5444129,"27, Jalan Dinar U3/G, Taman Subang Perdana, 40150 Shah Alam, Selangor, Malaysia",Selangor
CU Mart Malaysia,CU Sunway Giza,3.1509565999999998,101.59170770000001,"Sunway Giza, Jalan PJU 5/14, Kota Damansara, 47810 Petaling Jaya, Selangor, Malaysia",Selangor
CU Mart Malaysia,CU TTDI,3.1416606999999996,101.62845130000001,"11, Jalan Tun Mohd Fuad, Taman Tun Dr Ismail, 60000 Kuala Lumpur, Wilayah Persekutuan Kuala Lumpur, Malaysia",Kuala Lumpur
CU Mart Malaysia,CU Taman Pauh Jaya,5.3698516,100.4161451,"NO. B1-G-16, Elevate, 1, Lrg Pauh Jaya 1/3, Taman Pauh Jaya, 13500 Permatang Pauh, Penang, Malaysia",Penang
CU Mart Malaysia,CU Tampin,2.4637469,102.2359465,"28, JALAN BANDAR SATELIT SEBANG 1, SEKSYEN 1, BANDAR SATELIT SEBANG, 78000 Alor Gajah, Malacca, Malaysia",Melaka
CU Mart Malaysia,CU UTP,4.3827178,100.9642581,"Pocket C, Universiti Teknologi PETRONAS, Persiaran UTP, 32610 Seri Iskandar, Perak, Malaysia",Ipoh
CU Mart Malaysia,CU mart @ Kuala Selangor,3.3218134,101.26701609999999,"16 & 18, Jalan Bendahara 1a, Taman Bendahara, 45000 Kuala Selangor, Selangor, Malaysia",Ipoh
CU Mart Malaysia,Restaurant C U Village Sdn. Bhd.,4.5986991,101.0948052,"3A, Persiaran Greentown 5, Greentown Business Centre, 31350 Ipoh, Perak, Malaysia",Ipoh
